{"cameraMode":{"drawMode":0,"name":"Shaded","section":"Shading Mode"},"sceneLighting":true,"audioPlay":false,"sceneViewState":{"m_AlwaysRefresh":false,"showFog":true,"showSkybox":true,"showFlares":true,"showImageEffects":true,"showParticleSystems":true,"showVisualEffectGraphs":true,"m_FxEnabled":true},"in2DMode":false,"pivot":{"x":-0.4201834797859192,"y":1.4413663148880005,"z":-0.2888053059577942},"rotation":{"x":-0.05304352566599846,"y":0.9286959767341614,"z":-0.14635780453681947,"w":-0.3365806043148041},"size":15.516286849975586,"orthographic":false}